4,0.2971874587,0.2636463551,non-sig,anti-A-1,Native
5,0.2971874587,0.2636463551,non-sig,anti-A-1,Native
6,0.06564989836,0.8091228342,non-sig,anti-A-1,Native
7,0.06564989836,0.8091228342,non-sig,anti-A-1,Native
8,0.06564989836,0.8091228342,non-sig,anti-A-1,Native
9,0.06564989836,0.8091228342,non-sig,anti-A-1,Native
10,-0.2176173544,0.4181519503,non-sig,anti-A-1,Native
11,-0.2176173544,0.4181519503,non-sig,anti-A-1,Native
19,0.2224993287,0.4075226546,non-sig,anti-A-1,Native
20,0.2224993287,0.4075226546,non-sig,anti-A-1,Native
21,0.2224993287,0.4075226546,non-sig,anti-A-1,Native
22,0.2224993287,0.4075226546,non-sig,anti-A-1,Native
23,0.2224993287,0.4075226546,non-sig,anti-A-1,Native
24,0.2224993287,0.4075226546,non-sig,anti-A-1,Native
27,-0.09820709402,0.7174719351,non-sig,anti-A-1,Native
28,-0.09820709402,0.7174719351,non-sig,anti-A-1,Native
29,-0.09820709402,0.7174719351,non-sig,anti-A-1,Native
30,-0.09820709402,0.7174719351,non-sig,anti-A-1,Native
31,-0.09820709402,0.7174719351,non-sig,anti-A-1,Native
32,-0.03108609161,0.9090123293,non-sig,anti-A-1,Native
33,0.1693342149,0.5306942267,non-sig,anti-A-1,Native
34,0.1693342149,0.5306942267,non-sig,anti-A-1,Native
35,0.1693342149,0.5306942267,non-sig,anti-A-1,Native
36,0.1693342149,0.5306942267,non-sig,anti-A-1,Native
37,0.1693342149,0.5306942267,non-sig,anti-A-1,Native
38,-0.07219492304,0.7904697737,non-sig,anti-A-1,Native
39,-0.4645343969,0.06986057295,non-sig,anti-A-1,Native
40,-0.1949230512,0.4694157789,non-sig,anti-A-1,Native
41,-0.1949230512,0.4694157789,non-sig,anti-A-1,Native
42,-0.1949230512,0.4694157789,non-sig,anti-A-1,Native
43,-0.03707777203,0.8915634418,non-sig,anti-A-1,Native
44,0.07810606453,0.7737141153,non-sig,anti-A-1,Native
45,0.2172190969,0.4190253972,non-sig,anti-A-1,Native
46,0.2637331403,0.3236522919,non-sig,anti-A-1,Native
47,0.2931544413,0.2704909955,non-sig,anti-A-1,Native
48,0.1605803986,0.5524489028,non-sig,anti-A-1,Native
49,0.2731080491,0.3060986852,non-sig,anti-A-1,Native
50,0.194222647,0.4710452154,non-sig,anti-A-1,Native
51,0.194222647,0.4710452154,non-sig,anti-A-1,Native
52,0.09315751537,0.7314852056,non-sig,anti-A-1,Native
53,-0.09836696226,0.7170296294,non-sig,anti-A-1,Native
54,0.07773344082,0.7747676691,non-sig,anti-A-1,Native
55,-0.1141666368,0.673752188,non-sig,anti-A-1,Native
56,-0.07441540456,0.7841651192,non-sig,anti-A-1,Native
57,-0.07441540456,0.7841651192,non-sig,anti-A-1,Native
58,-0.07456854653,0.7837307593,non-sig,anti-A-1,Native
59,0.1605130735,0.5526177085,non-sig,anti-A-1,Native
60,0.2880483323,0.27931041,non-sig,anti-A-1,Native
61,0.3048841785,0.2508812013,non-sig,anti-A-1,Native
62,0.4054640926,0.1192087077,non-sig,anti-A-1,Native
63,0.4054640926,0.1192087077,non-sig,anti-A-1,Native
64,0.4857890643,0.05642849689,non-sig,anti-A-1,Native
65,0.345815851,0.1895270318,non-sig,anti-A-1,Native
66,0.4279348285,0.09821740679,non-sig,anti-A-1,Native
67,0.4135126264,0.1113612491,non-sig,anti-A-1,Native
68,0.2509286207,0.3485452935,non-sig,anti-A-1,Native
69,0.2610408266,0.3287987339,non-sig,anti-A-1,Native
70,0.3225416143,0.2230694916,non-sig,anti-A-1,Native
71,0.16155132,0.550016992,non-sig,anti-A-1,Native
72,-0.09307518153,0.7317143671,non-sig,anti-A-1,Native
73,-0.0930842795,0.7316890434,non-sig,anti-A-1,Native
74,-0.2038759759,0.4488337589,non-sig,anti-A-1,Native
75,-0.1197351497,0.6587172259,non-sig,anti-A-1,Native
76,-0.1197351497,0.6587172259,non-sig,anti-A-1,Native
77,0.1550743977,0.5663278401,non-sig,anti-A-1,Native
78,0.1125536268,0.6781293184,non-sig,anti-A-1,Native
79,-0.1341249768,0.620439271,non-sig,anti-A-1,Native
80,-0.331523975,0.2097065188,non-sig,anti-A-1,Native
81,-0.3483370225,0.1861041978,non-sig,anti-A-1,Native
82,-0.3587044325,0.1724566643,non-sig,anti-A-1,Native
83,-0.3057495793,0.2494703254,non-sig,anti-A-1,Native
84,-0.2261864245,0.399590788,non-sig,anti-A-1,Native
85,0.107147995,0.6928680674,non-sig,anti-A-1,Native
86,0.04655467334,0.8640628452,non-sig,anti-A-1,Native
87,0.04655467334,0.8640628452,non-sig,anti-A-1,Native
88,0.07005841354,0.7965475291,non-sig,anti-A-1,Native
89,0.03166822504,0.9073152148,non-sig,anti-A-1,Native
90,0.1260156297,0.6419060532,non-sig,anti-A-1,Native
91,0.1217721769,0.6532473707,non-sig,anti-A-1,Native
92,0.629650369,0.008954218854,is-sig,anti-A-1,Native
93,0.5269496777,0.0359665403,is-sig,anti-A-1,Native
94,0.52333363,0.03749673286,is-sig,anti-A-1,Native
95,0.4855349785,0.05657683322,non-sig,anti-A-1,Native
96,0.440944901,0.08733908269,non-sig,anti-A-1,Native
97,0.4329326935,0.09393073415,non-sig,anti-A-1,Native
98,0.340274523,0.1971940854,non-sig,anti-A-1,Native
99,0.3722997167,0.1555909714,non-sig,anti-A-1,Native
100,0.3663887422,0.1627813145,non-sig,anti-A-1,Native
101,0.3647000608,0.164875648,non-sig,anti-A-1,Native
102,0.2027163532,0.4514736654,non-sig,anti-A-1,Native
103,0.1666143901,0.5374118444,non-sig,anti-A-1,Native
104,0.1862435306,0.4898017886,non-sig,anti-A-1,Native
105,0.04048534805,0.8816602226,non-sig,anti-A-1,Native
106,0.1751302044,0.516506566,non-sig,anti-A-1,Native
107,0.3165349468,0.2323003972,non-sig,anti-A-1,Native
108,0.3753544443,0.1519602957,non-sig,anti-A-1,Native
109,0.5129449574,0.04216654878,is-sig,anti-A-1,Native
110,0.4922637447,0.05274462516,non-sig,anti-A-1,Native
111,0.3619336768,0.1683453306,non-sig,anti-A-1,Native
112,-0.1186527249,0.6616304022,non-sig,anti-A-1,Native
113,-0.2203246167,0.4122397641,non-sig,anti-A-1,Native
114,-0.2203246167,0.4122397641,non-sig,anti-A-1,Native
115,-0.5052226101,0.04591086703,is-sig,anti-A-1,Native
116,-0.5407467627,0.03055807952,is-sig,anti-A-1,Native
117,-0.492705596,0.05249989592,non-sig,anti-A-1,Native
118,-0.1083923099,0.6894659929,non-sig,anti-A-1,Native
119,-0.1917735972,0.4767644512,non-sig,anti-A-1,Native
120,-0.3789041609,0.147813746,non-sig,anti-A-1,Native
121,-0.4479669988,0.08184014789,non-sig,anti-A-1,Native
122,-0.2360139743,0.3788574192,non-sig,anti-A-1,Native
123,-0.2941163661,0.2688487375,non-sig,anti-A-1,Native
124,-0.3538271265,0.1787916621,non-sig,anti-A-1,Native
125,-0.2545770692,0.3413451587,non-sig,anti-A-1,Native
126,-0.1514625096,0.5755121044,non-sig,anti-A-1,Native
127,-0.2180231113,0.4172630362,non-sig,anti-A-1,Native
128,-0.3028994791,0.2541355188,non-sig,anti-A-1,Native
129,-0.157814966,0.5594011566,non-sig,anti-A-1,Native
130,-0.01585626819,0.9535230089,non-sig,anti-A-1,Native
131,-0.1316250785,0.6270273495,non-sig,anti-A-1,Native
132,-0.02266112824,0.9336117876,non-sig,anti-A-1,Native
133,0.0962726387,0.7228306055,non-sig,anti-A-1,Native
134,0.1293418925,0.633067504,non-sig,anti-A-1,Native
135,0.0724432336,0.7897641284,non-sig,anti-A-1,Native
136,0.001577769482,0.9953730291,non-sig,anti-A-1,Native
137,0.001577769482,0.9953730291,non-sig,anti-A-1,Native
138,-0.1148263559,0.6719647612,non-sig,anti-A-1,Native
139,-0.1388217001,0.608134985,non-sig,anti-A-1,Native
140,-0.1388217001,0.608134985,non-sig,anti-A-1,Native
141,-0.1696676142,0.5298733869,non-sig,anti-A-1,Native
142,-0.1250579201,0.6444593217,non-sig,anti-A-1,Native
143,-0.3917166554,0.1334873179,non-sig,anti-A-1,Native
144,-0.455584766,0.07616137988,non-sig,anti-A-1,Native
145,-0.2827335072,0.2886723562,non-sig,anti-A-1,Native
146,-0.2282347878,0.3952201641,non-sig,anti-A-1,Native
147,-0.2717451492,0.3086150671,non-sig,anti-A-1,Native
148,-0.2717656671,0.3085770943,non-sig,anti-A-1,Native
149,-0.1348646567,0.6184951097,non-sig,anti-A-1,Native
150,-0.2796052162,0.2942694287,non-sig,anti-A-1,Native
151,-0.3595997345,0.171310193,non-sig,anti-A-1,Native
152,-0.3541477425,0.1783705729,non-sig,anti-A-1,Native
153,-0.3651004069,0.1643775118,non-sig,anti-A-1,Native
154,-0.3630823195,0.1668988144,non-sig,anti-A-1,Native
155,-0.5320403786,0.03389291962,is-sig,anti-A-1,Native
156,-0.3745336891,0.152930119,non-sig,anti-A-1,Native
157,-0.3745604569,0.1528984238,non-sig,anti-A-1,Native
158,-0.1817253601,0.5005783849,non-sig,anti-A-1,Native
159,-0.04509180766,0.8682991003,non-sig,anti-A-1,Native
160,0.1247170931,0.645368873,non-sig,anti-A-1,Native
161,0.1784285125,0.5085116721,non-sig,anti-A-1,Native
162,0.05487768328,0.8400297288,non-sig,anti-A-1,Native
163,0.003946410535,0.9884270491,non-sig,anti-A-1,Native
164,-0.1323881604,0.6250135385,non-sig,anti-A-1,Native
165,-0.1322526768,0.6253709054,non-sig,anti-A-1,Native
166,-0.257898923,0.3348637322,non-sig,anti-A-1,Native
167,-0.3308741826,0.2106555254,non-sig,anti-A-1,Native
168,-0.1369064206,0.6131409021,non-sig,anti-A-1,Native
169,-0.05969117344,0.8261894231,non-sig,anti-A-1,Native
170,0.05077539546,0.8518600357,non-sig,anti-A-1,Native
171,-0.1133889338,0.6758613801,non-sig,anti-A-1,Native
172,-0.1036905253,0.7023498687,non-sig,anti-A-1,Native
173,-0.2591479631,0.3324450206,non-sig,anti-A-1,Native
174,-0.2591479631,0.3324450206,non-sig,anti-A-1,Native
175,-0.183667131,0.4959333061,non-sig,anti-A-1,Native
176,-0.2427391814,0.3650155471,non-sig,anti-A-1,Native
177,-0.167133664,0.5361263812,non-sig,anti-A-1,Native
178,-0.188739554,0.48389633,non-sig,anti-A-1,Native
179,-0.1754304357,0.5157764393,non-sig,anti-A-1,Native
180,-0.1754304357,0.5157764393,non-sig,anti-A-1,Native
181,-0.4318788066,0.0948233694,non-sig,anti-A-1,Native
182,-0.2834521642,0.2873956146,non-sig,anti-A-1,Native
183,-0.3646176881,0.1649782664,non-sig,anti-A-1,Native
184,-0.3646176881,0.1649782664,non-sig,anti-A-1,Native
185,-0.4707728533,0.06569898369,non-sig,anti-A-1,Native
186,-0.4707728533,0.06569898369,non-sig,anti-A-1,Native
187,-0.548297294,0.0278736107,is-sig,anti-A-1,Native
188,-0.548297294,0.0278736107,is-sig,anti-A-1,Native
189,-0.8933339652,3.16E-06,is-sig,anti-A-1,Native
190,-0.8933339652,3.16E-06,is-sig,anti-A-1,Native
191,-0.6252969833,0.009588300904,is-sig,anti-A-1,Native
192,-0.8042540634,0.0001729096916,is-sig,anti-A-1,Native
193,-0.6973621461,0.002674205415,is-sig,anti-A-1,Native
194,-0.6973621461,0.002674205415,is-sig,anti-A-1,Native
195,-0.2466036215,0.3571905437,non-sig,anti-A-1,Native