L	N	0.025758443	0.07143	0.25	0.33333	0.52381	0.42857	0.36364	0.61905	0.33333	0.21429
L	N	0.106606013	0.07143	0.25	0.33333	0.52381	0.42857	0.36364	0.61905	0.33333	0.21429
L	E	0.217645202	0.07143	0.08333	0.33333	0.52381	0.28571	0.27273	0.42857	0.33333	0.21429
L	E	0.100450241	0.07143	0.08333	0.33333	0.52381	0.28571	0.27273	0.42857	0.33333	0.21429
L	G	0.084760153	0.07143	0.25	0.25	0.38095	0.42857	0.36364	0.42857	0.22222	0.17857
L	G	0.001909469	0.07143	0.25	0.25	0.38095	0.42857	0.36364	0.42857	0.22222	0.17857
L	B	0.457289466	0.14286	0.16667	0.25	0.38095	0.28571	0.45455	0.47619	0.44444	0.03571
L	B	0.184849046	0.14286	0.16667	0.25	0.38095	0.28571	0.45455	0.47619	0.44444	0.03571
L	U	0.322424242	0.07143	0.16667	0.41667	0.38095	0.57143	0.18182	0.38095	0.22222	0.0
L	U	0.065871462	0.07143	0.16667	0.41667	0.38095	0.57143	0.18182	0.38095	0.22222	0.0
L	O	0.02393922	0.14286	0.16667	0.33333	0.38095	0.28571	0.45455	0.33333	0.33333	0.14286
L	O	0.003892617	0.14286	0.16667	0.33333	0.38095	0.28571	0.45455	0.33333	0.33333	0.14286
L	D	0.752151463	0.14286	0.16667	0.41667	0.28571	0.28571	0.27273	0.2381	0.33333	0.10714
L	D	0.390727305	0.14286	0.16667	0.41667	0.28571	0.28571	0.27273	0.2381	0.33333	0.10714
L	H	0.820910973	0.07143	0.08333	0.25	0.33333	0.42857	0.27273	0.14286	0.22222	0.03571
L	H	0.491113347	0.07143	0.08333	0.25	0.33333	0.42857	0.27273	0.14286	0.22222	0.03571
L	J	0.404437254	0.14286	0.16667	0.33333	0.38095	0.42857	0.18182	0.14286	0.11111	0.10714
L	J	0.358086847	0.14286	0.16667	0.33333	0.38095	0.42857	0.18182	0.14286	0.11111	0.10714
L	I	0.389158576	0.14286	0.08333	0.33333	0.38095	0.28571	0.27273	0.28571	0.22222	0.03571
L	I	0.54567397	0.14286	0.08333	0.33333	0.38095	0.28571	0.27273	0.28571	0.22222	0.03571
L	A	0.348540414	0.14286	0.16667	0.41667	0.47619	0.42857	0.27273	0.38095	0.22222	0.0
L	A	0.432623071	0.14286	0.16667	0.41667	0.47619	0.42857	0.27273	0.38095	0.22222	0.0
L	K	0.266125179	0.14286	0.16667	0.33333	0.38095	0.28571	0.27273	0.52381	0.33333	0.07143
L	K	0.173455979	0.14286	0.16667	0.33333	0.38095	0.28571	0.27273	0.52381	0.33333	0.07143
L	C	0.325072886	0.07143	0.08333	0.33333	0.38095	0.28571	0.27273	0.33333	0.33333	0.07143
L	C	0.287373004	0.07143	0.08333	0.33333	0.38095	0.28571	0.27273	0.33333	0.33333	0.07143
L	M	0.014021312	0.14286	0.08333	0.5	0.33333	0.28571	0.27273	0.47619	0.33333	0.14286
L	M	0.008158724	0.14286	0.08333	0.5	0.33333	0.28571	0.27273	0.47619	0.33333	0.14286
L	T	0.527555454	0.0	0.08333	0.5	0.28571	0.28571	0.36364	0.47619	0.11111	0.14286
L	T	0.551898261	0.0	0.08333	0.5	0.28571	0.28571	0.36364	0.47619	0.11111	0.14286
L	F	0.934029591	0.14286	0.16667	0.41667	0.33333	0.28571	0.36364	0.33333	0.22222	0.10714
L	F	0.669577615	0.14286	0.16667	0.41667	0.33333	0.28571	0.36364	0.33333	0.22222	0.10714
N	L	0.020435967	0.07143	0.25	0.33333	0.52381	0.42857	0.36364	0.47619	0.33333	0.21429
N	L	0.259517988	0.07143	0.25	0.33333	0.52381	0.42857	0.36364	0.47619	0.33333	0.21429
N	E	0.191130051	0.07143	0.25	0.16667	0.47619	0.28571	0.36364	0.57143	0.11111	0.28571
N	E	0.038348083	0.07143	0.25	0.16667	0.47619	0.28571	0.36364	0.57143	0.11111	0.28571
N	G	0.078251026	0.0	0.0	0.16667	0.42857	0.42857	0.18182	0.47619	0.33333	0.10714
N	G	0.009098057	0.0	0.0	0.16667	0.42857	0.42857	0.18182	0.47619	0.33333	0.10714
N	B	0.295955327	0.14286	0.08333	0.25	0.38095	0.28571	0.27273	0.38095	0.22222	0.25
N	B	0.160770513	0.14286	0.08333	0.25	0.38095	0.28571	0.27273	0.38095	0.22222	0.25
N	U	0.081454545	0.07143	0.16667	0.33333	0.42857	0.85714	0.27273	0.42857	0.33333	0.21429
N	U	0.02189781	0.07143	0.16667	0.33333	0.42857	0.85714	0.27273	0.42857	0.33333	0.21429
N	O	0.017918578	0.14286	0.08333	0.25	0.42857	0.14286	0.27273	0.47619	0.22222	0.25
N	O	-0.005503356	0.14286	0.08333	0.25	0.42857	0.14286	0.27273	0.47619	0.22222	0.25
N	D	0.469305795	0.14286	0.16667	0.25	0.38095	0.14286	0.18182	0.33333	0.22222	0.14286
N	D	0.115554769	0.14286	0.16667	0.25	0.38095	0.14286	0.18182	0.33333	0.22222	0.14286
N	H	0.127033422	0.07143	0.25	0.25	0.42857	0.28571	0.45455	0.42857	0.22222	0.25
N	H	0.049966465	0.07143	0.25	0.25	0.42857	0.28571	0.45455	0.42857	0.22222	0.25
N	J	0.188583314	0.14286	0.33333	0.25	0.38095	0.28571	0.27273	0.42857	0.22222	0.32143
N	J	0.098489616	0.14286	0.33333	0.25	0.38095	0.28571	0.27273	0.42857	0.22222	0.32143
N	I	0.134708738	0.14286	0.25	0.25	0.61905	0.28571	0.27273	0.38095	0.11111	0.25
N	I	0.142963238	0.14286	0.25	0.25	0.61905	0.28571	0.27273	0.38095	0.11111	0.25
N	A	0.114566525	0.14286	0.08333	0.25	0.47619	0.42857	0.27273	0.42857	0.33333	0.21429
N	A	0.020132256	0.14286	0.08333	0.25	0.47619	0.42857	0.27273	0.42857	0.33333	0.21429
N	K	0.307055264	0.14286	0.33333	0.33333	0.42857	0.28571	0.09091	0.38095	0.11111	0.28571
N	K	0.070521244	0.14286	0.33333	0.33333	0.42857	0.28571	0.09091	0.38095	0.11111	0.28571
N	C	0.286734694	0.07143	0.25	0.25	0.42857	0.28571	0.18182	0.42857	0.11111	0.28571
N	C	0.16574746	0.07143	0.25	0.25	0.42857	0.28571	0.18182	0.42857	0.11111	0.28571
N	M	0.104318564	0.14286	0.25	0.41667	0.42857	0.28571	0.36364	0.38095	0.11111	0.21429
N	M	0.229927684	0.14286	0.25	0.41667	0.42857	0.28571	0.36364	0.38095	0.11111	0.21429
N	T	0.259547222	0.07143	0.25	0.33333	0.47619	0.14286	0.27273	0.33333	0.33333	0.14286
N	T	0.376659809	0.07143	0.25	0.33333	0.47619	0.14286	0.27273	0.33333	0.33333	0.14286
N	F	0.232724108	0.14286	0.25	0.33333	0.42857	0.28571	0.27273	0.47619	0.22222	0.21429
N	F	0.03956514	0.14286	0.25	0.33333	0.42857	0.28571	0.27273	0.47619	0.22222	0.21429
E	L	0.362851953	0.07143	0.08333	0.33333	0.52381	0.28571	0.27273	0.42857	0.33333	0.21429
E	L	0.414425428	0.07143	0.08333	0.33333	0.52381	0.28571	0.27273	0.42857	0.33333	0.21429
E	N	0.11161992	0.07143	0.25	0.16667	0.47619	0.28571	0.36364	0.57143	0.11111	0.25
E	N	0.173852848	0.07143	0.25	0.16667	0.47619	0.28571	0.36364	0.57143	0.11111	0.25
E	G	0.232630536	0.07143	0.25	0.25	0.42857	0.28571	0.36364	0.38095	0.33333	0.25
E	G	0.019207009	0.07143	0.25	0.25	0.42857	0.28571	0.36364	0.38095	0.33333	0.25
E	B	0.46076064	0.07143	0.16667	0.33333	0.42857	0.28571	0.27273	0.38095	0.22222	0.25
E	B	0.201148361	0.07143	0.16667	0.33333	0.42857	0.28571	0.27273	0.38095	0.22222	0.25
E	U	0.261090909	0.0	0.08333	0.33333	0.42857	0.71429	0.27273	0.38095	0.33333	0.21429
E	U	0.219512195	0.0	0.08333	0.33333	0.42857	0.71429	0.27273	0.38095	0.33333	0.21429
E	O	0.031680046	0.07143	0.16667	0.25	0.38095	0.14286	0.27273	0.33333	0.22222	0.25
E	O	0.004026846	0.07143	0.16667	0.25	0.38095	0.14286	0.27273	0.33333	0.22222	0.25
E	D	0.699368904	0.07143	0.16667	0.25	0.33333	0.14286	0.27273	0.2381	0.22222	0.17857
E	D	0.266678464	0.07143	0.16667	0.25	0.33333	0.14286	0.27273	0.2381	0.22222	0.17857
E	H	0.344424726	0.0	0.0	0.33333	0.42857	0.14286	0.36364	0.38095	0.22222	0.21429
E	H	0.274480215	0.0	0.0	0.33333	0.42857	0.14286	0.36364	0.38095	0.22222	0.21429
E	J	0.220938294	0.07143	0.08333	0.16667	0.42857	0.14286	0.27273	0.47619	0.22222	0.21429
E	J	0.068124607	0.07143	0.08333	0.16667	0.42857	0.14286	0.27273	0.47619	0.22222	0.21429
E	I	0.356391586	0.07143	0.08333	0.33333	0.47619	0.28571	0.27273	0.33333	0.22222	0.21429
E	I	0.482361678	0.07143	0.08333	0.33333	0.47619	0.28571	0.27273	0.33333	0.22222	0.21429
E	A	0.274754291	0.07143	0.16667	0.25	0.38095	0.28571	0.18182	0.38095	0.33333	0.21429
E	A	0.31623806	0.07143	0.16667	0.25	0.38095	0.28571	0.18182	0.38095	0.33333	0.21429
E	K	0.510272336	0.07143	0.08333	0.25	0.47619	0.28571	0.27273	0.38095	0.0	0.21429
E	K	0.327201051	0.07143	0.08333	0.25	0.47619	0.28571	0.27273	0.38095	0.0	0.21429
E	C	0.406705539	0.0	0.0	0.33333	0.47619	0.28571	0.27273	0.42857	0.0	0.25
E	C	0.226995646	0.0	0.0	0.33333	0.47619	0.28571	0.27273	0.42857	0.0	0.25
E	M	0.063563283	0.07143	0.0	0.41667	0.28571	0.0	0.45455	0.42857	0.11111	0.17857
E	M	0.061746709	0.07143	0.0	0.41667	0.28571	0.0	0.45455	0.42857	0.11111	0.17857
E	T	0.060370455	0.07143	0.0	0.33333	0.42857	0.14286	0.18182	0.38095	0.33333	0.21429
E	T	0.5270245	0.07143	0.0	0.33333	0.42857	0.14286	0.18182	0.38095	0.33333	0.21429
E	F	0.651697128	0.07143	0.16667	0.25	0.33333	0.28571	0.27273	0.38095	0.22222	0.17857
E	F	0.220459811	0.07143	0.16667	0.25	0.33333	0.28571	0.27273	0.38095	0.22222	0.17857
G	L	-0.003633061	0.07143	0.25	0.25	0.38095	0.42857	0.36364	0.42857	0.22222	0.17857
G	L	0.119280475	0.07143	0.25	0.25	0.38095	0.42857	0.36364	0.42857	0.22222	0.17857
G	N	-0.005724098	0.0	0.0	0.16667	0.47619	0.42857	0.18182	0.52381	0.33333	0.10714
G	N	0.026898734	0.0	0.0	0.16667	0.47619	0.42857	0.18182	0.52381	0.33333	0.10714
G	E	0.380208333	0.07143	0.25	0.25	0.42857	0.28571	0.36364	0.38095	0.33333	0.28571
G	E	0.044713554	0.07143	0.25	0.25	0.42857	0.28571	0.36364	0.38095	0.33333	0.28571
G	B	0.498641714	0.14286	0.08333	0.25	0.28571	0.14286	0.27273	0.47619	0.33333	0.21429
G	B	0.270790887	0.14286	0.08333	0.25	0.28571	0.14286	0.27273	0.47619	0.33333	0.21429
G	U	0.040484848	0.07143	0.16667	0.25	0.42857	0.57143	0.27273	0.38095	0.77778	0.17857
G	U	-0.001246217	0.07143	0.16667	0.25	0.42857	0.57143	0.27273	0.38095	0.77778	0.17857
G	O	0.022649083	0.14286	0.08333	0.25	0.2381	0.28571	0.27273	0.38095	0.33333	0.21429
G	O	-0.012751678	0.14286	0.08333	0.25	0.2381	0.28571	0.27273	0.38095	0.33333	0.21429
G	D	0.658443297	0.14286	0.16667	0.25	0.33333	0.28571	0.18182	0.28571	0.33333	0.10714
G	D	0.20845868	0.14286	0.16667	0.25	0.33333	0.28571	0.18182	0.28571	0.33333	0.10714
G	H	0.21753919	0.07143	0.25	0.16667	0.42857	0.28571	0.45455	0.33333	0.22222	0.21429
G	H	-0.008886653	0.07143	0.25	0.16667	0.42857	0.28571	0.45455	0.33333	0.22222	0.21429
G	J	0.180725676	0.14286	0.33333	0.33333	0.47619	0.28571	0.27273	0.47619	0.11111	0.28571
G	J	0.024858402	0.14286	0.33333	0.33333	0.47619	0.28571	0.27273	0.47619	0.11111	0.28571
G	I	0.391788026	0.14286	0.25	0.25	0.38095	0.14286	0.27273	0.38095	0.44444	0.21429
G	I	0.207575195	0.14286	0.25	0.25	0.38095	0.14286	0.27273	0.38095	0.44444	0.21429
G	A	0.111045915	0.14286	0.08333	0.25	0.2381	0.0	0.27273	0.38095	0.55556	0.17857
G	A	0.007200588	0.14286	0.08333	0.25	0.2381	0.0	0.27273	0.38095	0.55556	0.17857
G	K	0.571110049	0.14286	0.33333	0.25	0.33333	0.14286	0.18182	0.52381	0.33333	0.25
G	K	0.342531756	0.14286	0.33333	0.25	0.33333	0.14286	0.18182	0.52381	0.33333	0.25
G	C	0.246209913	0.07143	0.25	0.25	0.33333	0.14286	0.18182	0.42857	0.33333	0.25
G	C	0.035994194	0.07143	0.25	0.25	0.33333	0.14286	0.18182	0.42857	0.33333	0.25
G	M	0.010095345	0.14286	0.25	0.33333	0.33333	0.28571	0.27273	0.33333	0.33333	0.17857
G	M	0.012052661	0.14286	0.25	0.33333	0.33333	0.28571	0.27273	0.33333	0.33333	0.17857
G	T	0.31122799	0.07143	0.25	0.33333	0.38095	0.28571	0.27273	0.2381	0.33333	0.10714
G	T	0.215821956	0.07143	0.25	0.33333	0.38095	0.28571	0.27273	0.2381	0.33333	0.10714
G	F	0.560139252	0.14286	0.25	0.33333	0.28571	0.14286	0.36364	0.28571	0.22222	0.17857
G	F	0.07253609	0.14286	0.25	0.33333	0.28571	0.14286	0.36364	0.28571	0.22222	0.17857
B	L	0.419391462	0.14286	0.16667	0.25	0.42857	0.28571	0.27273	0.47619	0.44444	0.03571
B	L	0.314355571	0.14286	0.16667	0.25	0.42857	0.28571	0.27273	0.47619	0.44444	0.03571
B	N	-0.002862049	0.14286	0.08333	0.25	0.47619	0.28571	0.27273	0.38095	0.22222	0.25
B	N	0.342563291	0.14286	0.08333	0.25	0.47619	0.28571	0.27273	0.38095	0.22222	0.25
B	E	0.145833333	0.07143	0.16667	0.33333	0.42857	0.28571	0.27273	0.38095	0.22222	0.25
B	E	0.042539978	0.07143	0.16667	0.33333	0.42857	0.28571	0.27273	0.38095	0.22222	0.25
B	G	0.075279468	0.14286	0.08333	0.25	0.28571	0.14286	0.27273	0.47619	0.33333	0.21429
B	G	0.107154892	0.14286	0.08333	0.25	0.28571	0.14286	0.27273	0.47619	0.33333	0.21429
B	U	0.237575758	0.07143	0.08333	0.41667	0.33333	0.42857	0.27273	0.38095	0.33333	0.03571
B	U	-0.003738651	0.07143	0.08333	0.41667	0.33333	0.42857	0.27273	0.38095	0.33333	0.03571
B	O	0.156680046	0.0	0.0	0.33333	0.2381	0.14286	0.0	0.42857	0.22222	0.17857
B	O	0.077718121	0.0	0.0	0.33333	0.2381	0.14286	0.0	0.42857	0.22222	0.17857
B	D	0.662650602	0.0	0.08333	0.33333	0.33333	0.14286	0.18182	0.28571	0.22222	0.14286
B	D	0.353388781	0.0	0.08333	0.33333	0.33333	0.14286	0.18182	0.28571	0.22222	0.14286
B	H	0.482845312	0.07143	0.16667	0.16667	0.42857	0.28571	0.36364	0.42857	0.33333	0.07143
B	H	0.38648558	0.07143	0.16667	0.16667	0.42857	0.28571	0.36364	0.42857	0.33333	0.07143
B	J	0.119713427	0.0	0.25	0.33333	0.38095	0.28571	0.27273	0.42857	0.33333	0.14286
B	J	0.234109503	0.0	0.25	0.33333	0.38095	0.28571	0.27273	0.42857	0.33333	0.14286
B	I	0.4947411	0.0	0.16667	0.08333	0.33333	0.14286	0.09091	0.2381	0.33333	0.07143
B	I	0.403453398	0.0	0.16667	0.08333	0.33333	0.14286	0.09091	0.2381	0.33333	0.07143
B	A	0.140384333	0.0	0.0	0.33333	0.2381	0.14286	0.18182	0.28571	0.33333	0.03571
B	A	0.150918442	0.0	0.0	0.33333	0.2381	0.14286	0.18182	0.28571	0.33333	0.03571
B	K	0.548335722	0.0	0.25	0.25	0.2381	0.0	0.18182	0.2381	0.22222	0.10714
B	K	0.535041612	0.0	0.25	0.25	0.2381	0.0	0.18182	0.2381	0.22222	0.10714
B	C	0.343586006	0.07143	0.16667	0.08333	0.14286	0.0	0.09091	0.38095	0.22222	0.10714
B	C	0.569230769	0.07143	0.16667	0.08333	0.14286	0.0	0.09091	0.38095	0.22222	0.10714
B	M	0.017760329	0.0	0.16667	0.5	0.28571	0.28571	0.36364	0.38095	0.22222	0.17857
B	M	0.023919896	0.0	0.16667	0.5	0.28571	0.28571	0.36364	0.38095	0.22222	0.17857
B	T	0.428081409	0.14286	0.16667	0.41667	0.38095	0.14286	0.27273	0.42857	0.44444	0.17857
B	T	0.531138956	0.14286	0.16667	0.41667	0.38095	0.14286	0.27273	0.42857	0.44444	0.17857
B	F	0.39721497	0.0	0.16667	0.41667	0.19048	0.0	0.27273	0.38095	0.33333	0.14286
B	F	0.009089289	0.0	0.16667	0.41667	0.19048	0.0	0.27273	0.38095	0.33333	0.14286
U	L	0.468437784	0.07143	0.16667	0.41667	0.38095	0.57143	0.18182	0.38095	0.22222	0.0
U	L	0.441844219	0.07143	0.16667	0.41667	0.38095	0.57143	0.18182	0.38095	0.22222	0.0
U	N	0.093875215	0.07143	0.16667	0.33333	0.42857	0.71429	0.27273	0.42857	0.33333	0.21429
U	N	0.196400316	0.07143	0.16667	0.33333	0.42857	0.71429	0.27273	0.42857	0.33333	0.21429
U	E	0.279513889	0.0	0.08333	0.33333	0.38095	0.71429	0.27273	0.38095	0.33333	0.21429
U	E	0.190032604	0.0	0.08333	0.33333	0.38095	0.71429	0.27273	0.38095	0.33333	0.21429
U	G	0.068911844	0.07143	0.16667	0.25	0.42857	0.57143	0.27273	0.38095	0.44444	0.17857
U	G	0.033022577	0.07143	0.16667	0.25	0.42857	0.57143	0.27273	0.38095	0.44444	0.17857
U	B	0.549652883	0.07143	0.08333	0.41667	0.33333	0.42857	0.27273	0.38095	0.33333	0.03571
U	B	0.316354881	0.07143	0.08333	0.41667	0.33333	0.42857	0.27273	0.38095	0.33333	0.03571
U	O	0.019352064	0.07143	0.08333	0.25	0.33333	0.57143	0.27273	0.19048	0.22222	0.14286
U	O	-0.002147651	0.07143	0.08333	0.25	0.33333	0.57143	0.27273	0.19048	0.22222	0.14286
U	D	0.723274049	0.07143	0.16667	0.33333	0.2381	0.57143	0.18182	0.2381	0.22222	0.10714
U	D	0.411077685	0.07143	0.16667	0.33333	0.2381	0.57143	0.18182	0.2381	0.22222	0.10714
U	H	0.544069802	0.0	0.08333	0.33333	0.28571	0.71429	0.27273	0.33333	0.33333	0.03571
U	H	0.401911469	0.0	0.08333	0.33333	0.28571	0.71429	0.27273	0.33333	0.33333	0.03571
U	J	0.30298128	0.07143	0.16667	0.41667	0.28571	0.71429	0.09091	0.38095	0.33333	0.10714
U	J	0.122246696	0.07143	0.16667	0.41667	0.28571	0.71429	0.09091	0.38095	0.33333	0.10714
U	I	0.667677994	0.07143	0.16667	0.41667	0.42857	0.57143	0.27273	0.28571	0.22222	0.03571
U	I	0.478277014	0.07143	0.16667	0.41667	0.42857	0.57143	0.27273	0.28571	0.22222	0.03571
U	A	0.429514449	0.07143	0.08333	0.33333	0.28571	0.57143	0.27273	0.2381	0.11111	0.0
U	A	0.380749449	0.07143	0.08333	0.33333	0.28571	0.57143	0.27273	0.2381	0.11111	0.0
U	K	0.434304826	0.07143	0.16667	0.33333	0.28571	0.42857	0.18182	0.57143	0.33333	0.07143
U	K	0.149802891	0.07143	0.16667	0.33333	0.28571	0.42857	0.18182	0.57143	0.33333	0.07143
U	C	0.414431487	0.0	0.08333	0.41667	0.33333	0.42857	0.18182	0.2381	0.33333	0.07143
U	C	0.368650218	0.0	0.08333	0.41667	0.33333	0.42857	0.18182	0.2381	0.33333	0.07143
U	M	0.035146756	0.07143	0.08333	0.33333	0.28571	0.71429	0.36364	0.19048	0.33333	0.14286
U	M	0.020767662	0.07143	0.08333	0.33333	0.28571	0.71429	0.36364	0.19048	0.33333	0.14286
U	T	0.10999314	0.07143	0.08333	0.33333	0.28571	0.57143	0.36364	0.38095	0.22222	0.14286
U	T	0.335702263	0.07143	0.08333	0.33333	0.28571	0.57143	0.36364	0.38095	0.22222	0.14286
U	F	0.921671018	0.07143	0.25	0.25	0.14286	0.42857	0.36364	0.19048	0.33333	0.10714
U	F	0.345927642	0.07143	0.25	0.25	0.14286	0.42857	0.36364	0.19048	0.33333	0.10714
O	L	0.149409628	0.14286	0.16667	0.33333	0.38095	0.28571	0.27273	0.33333	0.33333	0.14286
O	L	0.276982187	0.14286	0.16667	0.33333	0.38095	0.28571	0.27273	0.33333	0.33333	0.14286
O	N	0.127361191	0.14286	0.08333	0.25	0.38095	0.14286	0.27273	0.47619	0.22222	0.25
O	N	0.144976266	0.14286	0.08333	0.25	0.38095	0.14286	0.27273	0.47619	0.22222	0.25
O	E	0.111268939	0.07143	0.16667	0.25	0.38095	0.14286	0.27273	0.33333	0.22222	0.25
O	E	0.11768359	0.07143	0.16667	0.25	0.38095	0.14286	0.27273	0.33333	0.22222	0.25
O	G	0.581859346	0.14286	0.08333	0.25	0.2381	0.28571	0.27273	0.38095	0.33333	0.21429
O	G	0.034707402	0.14286	0.08333	0.25	0.2381	0.28571	0.27273	0.38095	0.33333	0.21429
O	B	0.611681256	0.0	0.0	0.33333	0.2381	0.14286	0.0	0.42857	0.22222	0.17857
O	B	0.221892943	0.0	0.0	0.33333	0.2381	0.14286	0.0	0.42857	0.22222	0.17857
O	U	0.058181818	0.07143	0.08333	0.25	0.33333	0.57143	0.27273	0.19048	0.22222	0.14286
O	U	0.109489051	0.07143	0.08333	0.25	0.33333	0.57143	0.27273	0.19048	0.22222	0.14286
O	D	0.510613884	0.0	0.08333	0.41667	0.2381	0.0	0.18182	0.19048	0.0	0.17857
O	D	0.234471775	0.0	0.08333	0.41667	0.2381	0.0	0.18182	0.19048	0.0	0.17857
O	H	0.134427684	0.07143	0.16667	0.33333	0.33333	0.14286	0.36364	0.33333	0.22222	0.14286
O	H	0.243963783	0.07143	0.16667	0.33333	0.33333	0.14286	0.36364	0.33333	0.22222	0.14286
O	J	0.630459903	0.0	0.25	0.41667	0.33333	0.14286	0.27273	0.38095	0.22222	0.21429
O	J	0.495437382	0.0	0.25	0.41667	0.33333	0.14286	0.27273	0.38095	0.22222	0.21429
O	I	0.634506472	0.0	0.16667	0.33333	0.33333	0.14286	0.09091	0.33333	0.33333	0.14286
O	I	0.107500928	0.0	0.16667	0.33333	0.33333	0.14286	0.09091	0.33333	0.33333	0.14286
O	A	0.212556843	0.0	0.0	0.41667	0.28571	0.28571	0.18182	0.28571	0.22222	0.14286
O	A	0.145922116	0.0	0.0	0.41667	0.28571	0.28571	0.18182	0.28571	0.22222	0.14286
O	K	0.355629877	0.0	0.25	0.41667	0.33333	0.14286	0.18182	0.38095	0.22222	0.21429
O	K	0.231931669	0.0	0.25	0.41667	0.33333	0.14286	0.18182	0.38095	0.22222	0.21429
O	C	0.379591837	0.07143	0.16667	0.33333	0.28571	0.14286	0.09091	0.28571	0.22222	0.17857
O	C	0.494339623	0.07143	0.16667	0.33333	0.28571	0.14286	0.09091	0.28571	0.22222	0.17857
O	M	0.103009908	0.0	0.16667	0.33333	0.2381	0.14286	0.36364	0.19048	0.22222	0.07143
O	M	0.079176711	0.0	0.16667	0.33333	0.2381	0.14286	0.36364	0.19048	0.22222	0.07143
O	T	0.124399726	0.14286	0.16667	0.41667	0.28571	0.0	0.27273	0.33333	0.33333	0.14286
O	T	0.556947821	0.14286	0.16667	0.41667	0.28571	0.0	0.27273	0.33333	0.33333	0.14286
O	F	0.5154047	0.0	0.16667	0.25	0.19048	0.14286	0.27273	0.2381	0.22222	0.14286
O	F	0.292995901	0.0	0.16667	0.25	0.19048	0.14286	0.27273	0.2381	0.22222	0.14286
D	L	0.422570391	0.14286	0.16667	0.41667	0.33333	0.28571	0.27273	0.2381	0.33333	0.10714
D	L	0.404820119	0.14286	0.16667	0.41667	0.33333	0.28571	0.27273	0.2381	0.33333	0.10714
D	N	0.056668575	0.14286	0.16667	0.25	0.38095	0.14286	0.18182	0.33333	0.22222	0.14286
D	N	0.101859177	0.14286	0.16667	0.25	0.38095	0.14286	0.18182	0.33333	0.22222	0.14286
D	E	0.204861111	0.07143	0.16667	0.25	0.33333	0.14286	0.27273	0.2381	0.22222	0.21429
D	E	0.09237696	0.07143	0.16667	0.25	0.33333	0.14286	0.27273	0.2381	0.22222	0.21429
D	G	0.078392529	0.14286	0.16667	0.25	0.33333	0.28571	0.18182	0.28571	0.33333	0.10714
D	G	0.08974503	0.14286	0.16667	0.25	0.33333	0.28571	0.18182	0.28571	0.33333	0.10714
D	B	0.56383942	0.0	0.08333	0.33333	0.33333	0.14286	0.18182	0.28571	0.22222	0.14286
D	B	0.347656974	0.0	0.08333	0.33333	0.33333	0.14286	0.18182	0.28571	0.22222	0.14286
D	U	0.27030303	0.07143	0.16667	0.33333	0.2381	0.57143	0.18182	0.2381	0.22222	0.10714
D	U	0.05465551	0.07143	0.16667	0.33333	0.2381	0.57143	0.18182	0.2381	0.22222	0.10714
D	O	0.084862385	0.0	0.08333	0.41667	0.2381	0.0	0.18182	0.19048	0.0	0.17857
D	O	0.042684564	0.0	0.08333	0.41667	0.2381	0.0	0.18182	0.19048	0.0	0.17857
D	H	0.314551908	0.07143	0.16667	0.16667	0.28571	0.14286	0.36364	0.19048	0.22222	0.14286
D	H	0.352280349	0.07143	0.16667	0.16667	0.28571	0.14286	0.36364	0.19048	0.22222	0.14286
D	J	0.287728218	0.0	0.25	0.16667	0.33333	0.14286	0.18182	0.2381	0.22222	0.21429
D	J	0.799087476	0.0	0.25	0.16667	0.33333	0.14286	0.18182	0.2381	0.22222	0.21429
D	I	0.63288835	0.0	0.16667	0.33333	0.33333	0.14286	0.18182	0.19048	0.33333	0.14286
D	I	0.574266617	0.0	0.16667	0.33333	0.33333	0.14286	0.18182	0.19048	0.33333	0.14286
D	A	0.304679478	0.0	0.08333	0.16667	0.2381	0.28571	0.18182	0.28571	0.22222	0.10714
D	A	0.349889787	0.0	0.08333	0.16667	0.2381	0.28571	0.18182	0.28571	0.22222	0.10714
D	K	0.561235866	0.0	0.25	0.25	0.33333	0.14286	0.09091	0.2381	0.22222	0.17857
D	K	0.448751643	0.0	0.25	0.25	0.33333	0.14286	0.09091	0.2381	0.22222	0.17857
D	C	0.360787172	0.07143	0.16667	0.33333	0.28571	0.14286	0.09091	0.28571	0.22222	0.17857
D	C	0.256023222	0.07143	0.16667	0.33333	0.28571	0.14286	0.09091	0.28571	0.22222	0.17857
D	M	0.020938493	0.0	0.16667	0.33333	0.28571	0.14286	0.36364	0.28571	0.22222	0.14286
D	M	0.022065641	0.0	0.16667	0.33333	0.28571	0.14286	0.36364	0.28571	0.22222	0.14286
D	T	0.390121198	0.14286	0.16667	0.16667	0.14286	0.0	0.27273	0.28571	0.33333	0.10714
D	T	0.420422667	0.14286	0.16667	0.16667	0.14286	0.0	0.27273	0.28571	0.33333	0.10714
D	F	0.860052219	0.0	0.16667	0.33333	0.2381	0.14286	0.27273	0.2381	0.22222	0.10714
D	F	0.356442702	0.0	0.16667	0.33333	0.2381	0.14286	0.27273	0.2381	0.22222	0.10714
H	L	0.546775658	0.07143	0.08333	0.25	0.33333	0.42857	0.27273	0.14286	0.22222	0.03571
H	L	0.541215508	0.07143	0.08333	0.25	0.33333	0.42857	0.27273	0.14286	0.22222	0.03571
H	N	0.064396108	0.07143	0.25	0.25	0.42857	0.28571	0.45455	0.52381	0.22222	0.25
H	N	0.20352057	0.07143	0.25	0.25	0.42857	0.28571	0.45455	0.52381	0.22222	0.25
H	E	0.115372475	0.0	0.0	0.33333	0.38095	0.14286	0.45455	0.38095	0.22222	0.21429
H	E	0.183822388	0.0	0.0	0.33333	0.38095	0.14286	0.45455	0.38095	0.22222	0.21429
H	G	0.050657988	0.07143	0.25	0.16667	0.42857	0.28571	0.45455	0.33333	0.22222	0.21429
H	G	0.058968887	0.07143	0.25	0.16667	0.42857	0.28571	0.45455	0.33333	0.22222	0.21429
H	B	0.448686991	0.07143	0.16667	0.16667	0.42857	0.28571	0.45455	0.42857	0.33333	0.07143
H	B	0.350250046	0.07143	0.16667	0.16667	0.42857	0.28571	0.45455	0.42857	0.33333	0.07143
H	U	0.347878788	0.0	0.08333	0.33333	0.28571	0.71429	0.27273	0.33333	0.33333	0.03571
H	U	0.094890511	0.0	0.08333	0.33333	0.28571	0.71429	0.27273	0.33333	0.33333	0.03571
H	O	0.049741972	0.07143	0.16667	0.33333	0.33333	0.14286	0.45455	0.33333	0.22222	0.14286
H	O	0.031946309	0.07143	0.16667	0.33333	0.33333	0.14286	0.45455	0.33333	0.22222	0.14286
H	D	0.692484223	0.07143	0.16667	0.16667	0.28571	0.14286	0.36364	0.19048	0.22222	0.14286
H	D	0.495841444	0.07143	0.16667	0.16667	0.28571	0.14286	0.36364	0.19048	0.22222	0.14286
H	J	0.539403744	0.07143	0.08333	0.25	0.09524	0.0	0.18182	0.19048	0.11111	0.10714
H	J	0.893486469	0.07143	0.08333	0.25	0.09524	0.0	0.18182	0.19048	0.11111	0.10714
H	I	0.499190939	0.07143	0.08333	0.25	0.42857	0.28571	0.45455	0.28571	0.33333	0.0
H	I	0.673226885	0.07143	0.08333	0.25	0.42857	0.28571	0.45455	0.28571	0.33333	0.0
H	A	0.369517383	0.07143	0.16667	0.25	0.33333	0.28571	0.45455	0.33333	0.33333	0.03571
H	A	0.571785452	0.07143	0.16667	0.25	0.33333	0.28571	0.45455	0.33333	0.33333	0.03571
H	K	0.399904443	0.07143	0.08333	0.16667	0.42857	0.28571	0.36364	0.47619	0.22222	0.10714
H	K	0.212658782	0.07143	0.08333	0.16667	0.42857	0.28571	0.36364	0.47619	0.22222	0.10714
H	C	0.461661808	0.0	0.0	0.25	0.38095	0.28571	0.36364	0.28571	0.22222	0.07143
H	C	0.481567489	0.0	0.0	0.25	0.38095	0.28571	0.36364	0.28571	0.22222	0.07143
H	M	0.018695083	0.07143	0.0	0.41667	0.2381	0.14286	0.63636	0.42857	0.22222	0.14286
H	M	0.041535324	0.07143	0.0	0.41667	0.2381	0.14286	0.63636	0.42857	0.22222	0.14286
H	T	0.820946718	0.07143	0.0	0.25	0.28571	0.14286	0.54545	0.33333	0.11111	0.10714
H	T	0.971011782	0.07143	0.0	0.25	0.28571	0.14286	0.54545	0.33333	0.11111	0.10714
H	F	1.051348999	0.07143	0.16667	0.33333	0.28571	0.28571	0.54545	0.28571	0.0	0.07143
H	F	0.861700232	0.07143	0.16667	0.33333	0.28571	0.28571	0.54545	0.28571	0.0	0.07143
J	L	0.13510445	0.14286	0.16667	0.33333	0.38095	0.42857	0.18182	0.14286	0.11111	0.10714
J	L	0.119629759	0.14286	0.16667	0.33333	0.38095	0.42857	0.18182	0.14286	0.11111	0.10714
J	N	0.07269605	0.14286	0.33333	0.25	0.38095	0.28571	0.27273	0.47619	0.22222	0.32143
J	N	0.051226266	0.14286	0.33333	0.25	0.38095	0.28571	0.27273	0.47619	0.22222	0.32143
J	E	0.175978535	0.07143	0.08333	0.16667	0.38095	0.14286	0.27273	0.47619	0.22222	0.21429
J	E	0.049681726	0.07143	0.08333	0.16667	0.38095	0.14286	0.27273	0.47619	0.22222	0.21429
J	G	0.030564596	0.14286	0.33333	0.33333	0.47619	0.28571	0.27273	0.47619	0.11111	0.28571
J	G	0.008087162	0.14286	0.33333	0.33333	0.47619	0.28571	0.27273	0.47619	0.11111	0.28571
J	B	0.342438877	0.0	0.25	0.33333	0.38095	0.28571	0.27273	0.42857	0.33333	0.14286
J	B	0.242267086	0.0	0.25	0.33333	0.38095	0.28571	0.27273	0.42857	0.33333	0.14286
J	U	0.047757576	0.07143	0.16667	0.41667	0.28571	0.71429	0.09091	0.38095	0.33333	0.10714
J	U	0.071568453	0.07143	0.16667	0.41667	0.28571	0.71429	0.09091	0.38095	0.33333	0.10714
J	O	0.025659404	0.0	0.25	0.41667	0.38095	0.14286	0.27273	0.38095	0.22222	0.21429
J	O	0.002684564	0.0	0.25	0.41667	0.38095	0.14286	0.27273	0.38095	0.22222	0.21429
J	D	0.618665137	0.0	0.25	0.16667	0.33333	0.14286	0.18182	0.2381	0.22222	0.21429
J	D	0.056981065	0.0	0.25	0.16667	0.33333	0.14286	0.18182	0.2381	0.22222	0.21429
J	H	0.564182195	0.07143	0.08333	0.25	0.09524	0.0	0.18182	0.19048	0.11111	0.10714
J	H	0.201542589	0.07143	0.08333	0.25	0.09524	0.0	0.18182	0.19048	0.11111	0.10714
J	I	0.196399676	0.0	0.16667	0.33333	0.42857	0.28571	0.27273	0.33333	0.33333	0.10714
J	I	0.073152618	0.0	0.16667	0.33333	0.42857	0.28571	0.27273	0.33333	0.33333	0.10714
J	A	0.089042101	0.0	0.25	0.25	0.28571	0.28571	0.27273	0.38095	0.33333	0.10714
J	A	0.030712711	0.0	0.25	0.25	0.28571	0.28571	0.27273	0.38095	0.33333	0.10714
J	K	0.512820513	0.0	0.0	0.25	0.38095	0.28571	0.18182	0.42857	0.22222	0.03571
J	K	0.291283399	0.0	0.0	0.25	0.38095	0.28571	0.18182	0.42857	0.22222	0.03571
J	C	0.374052478	0.07143	0.08333	0.33333	0.38095	0.28571	0.18182	0.33333	0.22222	0.07143
J	C	0.461538462	0.07143	0.08333	0.33333	0.38095	0.28571	0.18182	0.33333	0.22222	0.07143
J	M	0.006169377	0.0	0.08333	0.5	0.2381	0.14286	0.36364	0.47619	0.22222	0.21429
J	M	0.302243649	0.0	0.08333	0.5	0.2381	0.14286	0.36364	0.47619	0.22222	0.21429
J	T	-0.005259547	0.14286	0.08333	0.25	0.33333	0.14286	0.36364	0.52381	0.22222	0.21429
J	T	0.501589676	0.14286	0.08333	0.25	0.33333	0.14286	0.36364	0.52381	0.22222	0.21429
J	F	0.421061793	0.0	0.08333	0.25	0.28571	0.28571	0.36364	0.28571	0.11111	0.17857
J	F	0.073248975	0.0	0.08333	0.25	0.28571	0.28571	0.36364	0.28571	0.11111	0.17857
I	L	0.368982743	0.14286	0.08333	0.33333	0.38095	0.28571	0.27273	0.28571	0.22222	0.03571
I	L	0.462626615	0.14286	0.08333	0.33333	0.38095	0.28571	0.27273	0.28571	0.22222	0.03571
I	N	0.030623927	0.14286	0.25	0.25	0.66667	0.28571	0.27273	0.38095	0.11111	0.25
I	N	0.202927215	0.14286	0.25	0.25	0.66667	0.28571	0.27273	0.38095	0.11111	0.25
I	E	0.234375	0.07143	0.08333	0.33333	0.57143	0.28571	0.27273	0.33333	0.22222	0.21429
I	E	0.124049061	0.07143	0.08333	0.33333	0.57143	0.28571	0.27273	0.33333	0.22222	0.21429
I	G	0.084477147	0.14286	0.25	0.25	0.38095	0.14286	0.27273	0.38095	0.44444	0.21429
I	G	0.129843873	0.14286	0.25	0.25	0.38095	0.14286	0.27273	0.38095	0.44444	0.21429
I	B	0.682312104	0.0	0.16667	0.08333	0.33333	0.14286	0.09091	0.2381	0.33333	0.07143
I	B	0.547879237	0.0	0.16667	0.08333	0.33333	0.14286	0.09091	0.2381	0.33333	0.07143
I	U	0.250181818	0.07143	0.16667	0.41667	0.42857	0.57143	0.27273	0.28571	0.22222	0.03571
I	U	0.06747374	0.07143	0.16667	0.41667	0.42857	0.57143	0.27273	0.28571	0.22222	0.03571
I	O	0.068950688	0.0	0.16667	0.33333	0.33333	0.14286	0.09091	0.33333	0.33333	0.14286
I	O	0.006979866	0.0	0.16667	0.33333	0.33333	0.14286	0.09091	0.33333	0.33333	0.14286
I	D	0.967489004	0.0	0.16667	0.33333	0.33333	0.14286	0.18182	0.19048	0.33333	0.14286
I	D	0.616705008	0.0	0.16667	0.33333	0.33333	0.14286	0.18182	0.19048	0.33333	0.14286
I	H	0.526767229	0.07143	0.08333	0.25	0.42857	0.28571	0.27273	0.28571	0.33333	0.0
I	H	0.466465459	0.07143	0.08333	0.25	0.42857	0.28571	0.27273	0.28571	0.33333	0.0
I	J	0.191356598	0.0	0.16667	0.33333	0.42857	0.28571	0.27273	0.33333	0.33333	0.10714
I	J	0.294839522	0.0	0.16667	0.33333	0.42857	0.28571	0.27273	0.33333	0.33333	0.10714
I	A	0.353527945	0.0	0.16667	0.33333	0.28571	0.14286	0.18182	0.19048	0.22222	0.03571
I	A	0.37913299	0.0	0.16667	0.33333	0.28571	0.14286	0.18182	0.19048	0.22222	0.03571
I	K	0.650262781	0.0	0.16667	0.33333	0.33333	0.14286	0.18182	0.2381	0.22222	0.10714
I	K	0.582566798	0.0	0.16667	0.33333	0.33333	0.14286	0.18182	0.2381	0.22222	0.10714
I	C	0.355685131	0.07143	0.08333	0.0	0.19048	0.14286	0.09091	0.33333	0.22222	0.07143
I	C	0.344267054	0.07143	0.08333	0.0	0.19048	0.14286	0.09091	0.33333	0.22222	0.07143
I	M	0.143952141	0.0	0.08333	0.5	0.38095	0.28571	0.36364	0.33333	0.22222	0.14286
I	M	0.143890228	0.0	0.08333	0.5	0.38095	0.28571	0.36364	0.33333	0.22222	0.14286
I	T	0.445689458	0.14286	0.08333	0.41667	0.38095	0.14286	0.27273	0.38095	0.22222	0.10714
I	T	0.633813353	0.14286	0.08333	0.41667	0.38095	0.14286	0.27273	0.38095	0.22222	0.10714
I	F	0.910704961	0.0	0.16667	0.41667	0.33333	0.14286	0.27273	0.28571	0.33333	0.07143
I	F	0.378185707	0.0	0.16667	0.41667	0.33333	0.14286	0.27273	0.28571	0.33333	0.07143
A	L	0.556766576	0.14286	0.16667	0.41667	0.38095	0.42857	0.27273	0.38095	0.22222	0.0
A	L	0.43049249	0.14286	0.16667	0.41667	0.38095	0.42857	0.27273	0.38095	0.22222	0.0
A	N	-0.003148254	0.14286	0.08333	0.25	0.47619	0.42857	0.27273	0.42857	0.33333	0.21429
A	N	0.118473101	0.14286	0.08333	0.25	0.47619	0.42857	0.27273	0.42857	0.33333	0.21429
A	E	0.226799242	0.07143	0.16667	0.25	0.38095	0.28571	0.18182	0.42857	0.33333	0.21429
A	E	0.094861046	0.07143	0.16667	0.25	0.38095	0.28571	0.18182	0.42857	0.33333	0.21429
A	G	-0.000990519	0.14286	0.08333	0.25	0.2381	0.0	0.27273	0.38095	0.44444	0.17857
A	G	0.000786252	0.14286	0.08333	0.25	0.2381	0.0	0.27273	0.38095	0.44444	0.17857
A	B	0.514337458	0.0	0.0	0.33333	0.2381	0.14286	0.27273	0.28571	0.33333	0.03571
A	B	0.418225597	0.0	0.0	0.33333	0.2381	0.14286	0.27273	0.28571	0.33333	0.03571
A	U	0.419878788	0.07143	0.08333	0.33333	0.28571	0.57143	0.27273	0.2381	0.11111	0.0
A	U	0.069610112	0.07143	0.08333	0.33333	0.28571	0.57143	0.27273	0.2381	0.11111	0.0
A	O	0.029959862	0.0	0.0	0.41667	0.28571	0.28571	0.27273	0.28571	0.22222	0.14286
A	O	0.007248322	0.0	0.0	0.41667	0.28571	0.28571	0.27273	0.28571	0.22222	0.14286
A	D	0.908777969	0.0	0.08333	0.16667	0.2381	0.28571	0.18182	0.28571	0.22222	0.10714
A	D	0.411608565	0.0	0.08333	0.16667	0.2381	0.28571	0.18182	0.28571	0.22222	0.10714
A	H	0.611505472	0.07143	0.16667	0.25	0.33333	0.28571	0.36364	0.33333	0.33333	0.03571
A	H	0.398390342	0.07143	0.16667	0.25	0.33333	0.28571	0.36364	0.33333	0.33333	0.03571
A	J	0.142130807	0.0	0.25	0.25	0.28571	0.28571	0.27273	0.38095	0.33333	0.10714
A	J	0.098017621	0.0	0.25	0.25	0.28571	0.28571	0.27273	0.38095	0.33333	0.10714
A	I	0.524069579	0.0	0.16667	0.33333	0.28571	0.14286	0.18182	0.19048	0.22222	0.03571
A	I	0.566097289	0.0	0.16667	0.33333	0.28571	0.14286	0.18182	0.19048	0.22222	0.03571
A	K	0.346392738	0.0	0.25	0.25	0.28571	0.14286	0.18182	0.38095	0.33333	0.07143
A	K	0.073368375	0.0	0.25	0.25	0.28571	0.14286	0.18182	0.38095	0.33333	0.07143
A	C	0.802186589	0.07143	0.16667	0.33333	0.2381	0.14286	0.18182	0.19048	0.33333	0.07143
A	C	0.621190131	0.07143	0.16667	0.33333	0.2381	0.14286	0.18182	0.19048	0.33333	0.07143
A	M	0.074406431	0.0	0.16667	0.41667	0.28571	0.28571	0.36364	0.2381	0.33333	0.14286
A	M	0.060263304	0.0	0.16667	0.41667	0.28571	0.28571	0.36364	0.2381	0.33333	0.14286
A	T	0.105190944	0.14286	0.16667	0.25	0.33333	0.28571	0.09091	0.42857	0.22222	0.14286
A	T	0.302412568	0.14286	0.16667	0.25	0.33333	0.28571	0.09091	0.42857	0.22222	0.14286
A	F	0.848041775	0.0	0.16667	0.41667	0.19048	0.14286	0.18182	0.2381	0.33333	0.10714
A	F	0.339868116	0.0	0.16667	0.41667	0.19048	0.14286	0.18182	0.2381	0.33333	0.10714
K	L	0.007266122	0.14286	0.16667	0.33333	0.38095	0.28571	0.27273	0.52381	0.33333	0.07143
K	L	0.065665386	0.14286	0.16667	0.33333	0.38095	0.28571	0.27273	0.52381	0.33333	0.07143
K	N	0.107613051	0.14286	0.33333	0.33333	0.42857	0.28571	0.09091	0.42857	0.11111	0.28571
K	N	0.147151899	0.14286	0.33333	0.33333	0.42857	0.28571	0.09091	0.42857	0.11111	0.28571
K	E	0.351641414	0.07143	0.08333	0.25	0.47619	0.28571	0.27273	0.38095	0.0	0.21429
K	E	0.204471355	0.07143	0.08333	0.25	0.47619	0.28571	0.27273	0.38095	0.0	0.21429
K	G	0.05844064	0.14286	0.33333	0.25	0.33333	0.14286	0.18182	0.47619	0.33333	0.25
K	G	0.083230372	0.14286	0.33333	0.25	0.33333	0.14286	0.18182	0.47619	0.33333	0.25
K	B	0.543163296	0.0	0.25	0.25	0.2381	0.0	0.18182	0.2381	0.22222	0.10714
K	B	0.32376366	0.0	0.25	0.25	0.2381	0.0	0.18182	0.2381	0.22222	0.10714
K	U	0.018909091	0.07143	0.16667	0.33333	0.28571	0.42857	0.18182	0.38095	0.33333	0.07143
K	U	0.20758412	0.07143	0.16667	0.33333	0.28571	0.42857	0.18182	0.38095	0.33333	0.07143
K	O	0.043147936	0.0	0.25	0.41667	0.33333	0.14286	0.18182	0.38095	0.22222	0.21429
K	O	-0.014228188	0.0	0.25	0.41667	0.33333	0.14286	0.18182	0.38095	0.22222	0.21429
K	D	0.693440428	0.0	0.25	0.25	0.33333	0.14286	0.09091	0.2381	0.22222	0.17857
K	D	0.263139267	0.0	0.25	0.25	0.33333	0.14286	0.09091	0.2381	0.22222	0.17857
K	H	0.334960071	0.07143	0.08333	0.16667	0.42857	0.28571	0.36364	0.42857	0.22222	0.10714
K	H	0.003521127	0.07143	0.08333	0.16667	0.42857	0.28571	0.36364	0.42857	0.22222	0.10714
K	J	0.209382944	0.0	0.0	0.25	0.38095	0.28571	0.18182	0.42857	0.22222	0.03571
K	J	0.079609817	0.0	0.0	0.25	0.38095	0.28571	0.18182	0.42857	0.22222	0.03571
K	I	0.376820388	0.0	0.16667	0.33333	0.33333	0.14286	0.18182	0.2381	0.22222	0.10714
K	I	0.228184181	0.0	0.16667	0.33333	0.33333	0.14286	0.18182	0.2381	0.22222	0.10714
K	A	0.077893502	0.0	0.25	0.25	0.28571	0.14286	0.18182	0.38095	0.33333	0.07143
K	A	0.019691403	0.0	0.25	0.25	0.28571	0.14286	0.18182	0.38095	0.33333	0.07143
K	C	0.366618076	0.07143	0.08333	0.33333	0.2381	0.0	0.09091	0.42857	0.0	0.07143
K	C	0.290275762	0.07143	0.08333	0.33333	0.2381	0.0	0.09091	0.42857	0.0	0.07143
K	M	0.079641054	0.0	0.08333	0.41667	0.38095	0.28571	0.36364	0.42857	0.11111	0.21429
K	M	0.043018728	0.0	0.08333	0.41667	0.38095	0.28571	0.36364	0.42857	0.11111	0.21429
K	T	0.363594786	0.14286	0.08333	0.33333	0.2381	0.14286	0.27273	0.42857	0.33333	0.21429
K	T	0.530577894	0.14286	0.08333	0.33333	0.2381	0.14286	0.27273	0.42857	0.33333	0.21429
K	F	0.317667537	0.0	0.08333	0.33333	0.28571	0.0	0.18182	0.42857	0.22222	0.17857
K	F	0.023881661	0.0	0.08333	0.33333	0.28571	0.0	0.18182	0.42857	0.22222	0.17857
C	L	0.029291553	0.07143	0.08333	0.33333	0.42857	0.28571	0.27273	0.33333	0.33333	0.07143
C	L	0.052741879	0.07143	0.08333	0.33333	0.42857	0.28571	0.27273	0.33333	0.33333	0.07143
C	N	0.131081855	0.07143	0.25	0.25	0.52381	0.28571	0.18182	0.42857	0.11111	0.28571
C	N	0.209651899	0.07143	0.25	0.25	0.52381	0.28571	0.18182	0.42857	0.11111	0.28571
C	E	0.199021465	0.0	0.0	0.33333	0.7619	0.28571	0.27273	0.42857	0.0	0.25
C	E	0.078869741	0.0	0.0	0.33333	0.7619	0.28571	0.27273	0.42857	0.0	0.25
C	G	0.008631668	0.07143	0.25	0.25	0.33333	0.14286	0.18182	0.42857	0.33333	0.25
C	G	0.007188588	0.07143	0.25	0.25	0.33333	0.14286	0.18182	0.42857	0.33333	0.25
C	B	0.410805916	0.07143	0.16667	0.08333	0.14286	0.0	0.09091	0.38095	0.22222	0.10714
C	B	0.27338396	0.07143	0.16667	0.08333	0.14286	0.0	0.09091	0.38095	0.22222	0.10714
C	U	0.036606061	0.0	0.08333	0.41667	0.33333	0.42857	0.18182	0.2381	0.33333	0.07143
C	U	0.051807014	0.0	0.08333	0.41667	0.33333	0.42857	0.18182	0.2381	0.33333	0.07143
C	O	0.022075688	0.07143	0.16667	0.33333	0.28571	0.14286	0.09091	0.28571	0.22222	0.17857
C	O	0.004966443	0.07143	0.16667	0.33333	0.28571	0.14286	0.09091	0.28571	0.22222	0.17857
C	D	0.55957162	0.07143	0.16667	0.33333	0.28571	0.14286	0.09091	0.28571	0.22222	0.17857
C	D	0.008140152	0.07143	0.16667	0.33333	0.28571	0.14286	0.09091	0.28571	0.22222	0.17857
C	H	0.464359657	0.0	0.0	0.25	0.38095	0.28571	0.36364	0.28571	0.22222	0.07143
C	H	0.023138833	0.0	0.0	0.25	0.38095	0.28571	0.36364	0.28571	0.22222	0.07143
C	J	0.155072799	0.07143	0.08333	0.33333	0.38095	0.28571	0.18182	0.33333	0.22222	0.07143
C	J	0.050031466	0.07143	0.08333	0.33333	0.38095	0.28571	0.18182	0.33333	0.22222	0.07143
C	I	0.093446602	0.07143	0.08333	0.0	0.19048	0.14286	0.09091	0.33333	0.22222	0.07143
C	I	0.090976606	0.07143	0.08333	0.0	0.19048	0.14286	0.09091	0.33333	0.22222	0.07143
C	A	0.361742702	0.07143	0.16667	0.33333	0.2381	0.14286	0.18182	0.19048	0.33333	0.07143
C	A	0.219838354	0.07143	0.16667	0.33333	0.2381	0.14286	0.18182	0.19048	0.33333	0.07143
C	K	0.363433668	0.07143	0.08333	0.33333	0.2381	0.0	0.09091	0.42857	0.0	0.07143
C	K	0.157030223	0.07143	0.08333	0.33333	0.2381	0.0	0.09091	0.42857	0.0	0.07143
C	M	0.063189381	0.07143	0.0	0.5	0.28571	0.28571	0.36364	0.28571	0.11111	0.17857
C	M	0.054329687	0.07143	0.0	0.5	0.28571	0.28571	0.36364	0.28571	0.11111	0.17857
C	T	0.018980105	0.07143	0.0	0.41667	0.38095	0.14286	0.27273	0.42857	0.33333	0.17857
C	T	0.402842716	0.07143	0.0	0.41667	0.38095	0.14286	0.27273	0.42857	0.33333	0.17857
C	F	0.265448216	0.07143	0.16667	0.41667	0.19048	0.0	0.27273	0.2381	0.22222	0.14286
C	F	0.003742648	0.07143	0.16667	0.41667	0.19048	0.0	0.27273	0.2381	0.22222	0.14286
M	L	0.023614896	0.14286	0.08333	0.5	0.33333	0.28571	0.36364	0.47619	0.33333	0.14286
M	L	0.227558505	0.14286	0.08333	0.5	0.33333	0.28571	0.36364	0.47619	0.33333	0.14286
M	N	0.13022324	0.14286	0.25	0.41667	0.42857	0.28571	0.36364	0.38095	0.11111	0.21429
M	N	0.216574367	0.14286	0.25	0.41667	0.42857	0.28571	0.36364	0.38095	0.11111	0.21429
M	E	0.176767677	0.07143	0.0	0.41667	0.28571	0.0	0.54545	0.42857	0.11111	0.17857
M	E	0.02934327	0.07143	0.0	0.41667	0.28571	0.0	0.54545	0.42857	0.11111	0.17857
M	G	0.057025612	0.14286	0.25	0.33333	0.33333	0.28571	0.27273	0.33333	0.33333	0.17857
M	G	0.003931259	0.14286	0.25	0.33333	0.33333	0.28571	0.27273	0.33333	0.33333	0.17857
M	B	0.441442801	0.0	0.16667	0.58333	0.28571	0.28571	0.54545	0.38095	0.22222	0.17857
M	B	0.275421374	0.0	0.16667	0.58333	0.28571	0.28571	0.54545	0.38095	0.22222	0.17857
M	U	0.033939394	0.07143	0.08333	0.33333	0.28571	0.71429	0.45455	0.19048	0.33333	0.14286
M	U	0.010325797	0.07143	0.08333	0.33333	0.28571	0.71429	0.45455	0.19048	0.33333	0.14286
M	O	0.049885321	0.0	0.16667	0.33333	0.2381	0.14286	0.54545	0.19048	0.22222	0.07143
M	O	0.022013423	0.0	0.16667	0.33333	0.2381	0.14286	0.54545	0.19048	0.22222	0.07143
M	D	0.482118952	0.0	0.16667	0.33333	0.28571	0.14286	0.36364	0.28571	0.22222	0.14286
M	D	0.070783932	0.0	0.16667	0.33333	0.28571	0.14286	0.36364	0.28571	0.22222	0.14286
M	H	0.093759243	0.07143	0.0	0.41667	0.2381	0.14286	0.63636	0.42857	0.22222	0.14286
M	H	0.112005366	0.07143	0.0	0.41667	0.2381	0.14286	0.63636	0.42857	0.22222	0.14286
M	J	0.16732147	0.0	0.08333	0.5	0.2381	0.14286	0.45455	0.47619	0.22222	0.21429
M	J	0.069068597	0.0	0.08333	0.5	0.2381	0.14286	0.45455	0.47619	0.22222	0.21429
M	I	0.157564725	0.0	0.08333	0.58333	0.38095	0.28571	0.36364	0.33333	0.22222	0.14286
M	I	0.247493502	0.0	0.08333	0.58333	0.38095	0.28571	0.36364	0.33333	0.22222	0.14286
M	A	0.063957753	0.0	0.16667	0.41667	0.28571	0.28571	0.45455	0.2381	0.33333	0.14286
M	A	0.016164585	0.0	0.16667	0.41667	0.28571	0.28571	0.45455	0.2381	0.33333	0.14286
M	K	0.372830068	0.0	0.08333	0.41667	0.38095	0.28571	0.36364	0.57143	0.11111	0.21429
M	K	0.194699956	0.0	0.08333	0.41667	0.38095	0.28571	0.36364	0.57143	0.11111	0.21429
M	C	0.34271137	0.07143	0.0	0.58333	0.28571	0.28571	0.36364	0.28571	0.11111	0.17857
M	C	0.262699565	0.07143	0.0	0.58333	0.28571	0.28571	0.36364	0.28571	0.11111	0.17857
M	T	0.143151155	0.14286	0.0	0.41667	0.33333	0.14286	0.45455	0.33333	0.33333	0.14286
M	T	0.394239761	0.14286	0.0	0.41667	0.33333	0.14286	0.45455	0.33333	0.33333	0.14286
M	F	0.310182768	0.0	0.16667	0.33333	0.19048	0.28571	0.54545	0.19048	0.22222	0.14286
M	F	0.02370344	0.0	0.16667	0.33333	0.19048	0.28571	0.54545	0.19048	0.22222	0.14286
T	L	0.059491371	0.0	0.08333	0.5	0.33333	0.28571	0.36364	0.42857	0.11111	0.14286
T	L	0.286238212	0.0	0.08333	0.5	0.33333	0.28571	0.36364	0.42857	0.11111	0.14286
T	N	0.091013165	0.07143	0.25	0.33333	0.47619	0.14286	0.27273	0.42857	0.33333	0.14286
T	N	0.168314873	0.07143	0.25	0.33333	0.47619	0.14286	0.27273	0.42857	0.33333	0.14286
T	E	0.203914141	0.07143	0.0	0.33333	0.42857	0.14286	0.18182	0.52381	0.33333	0.25
T	E	0.036950784	0.07143	0.0	0.33333	0.42857	0.14286	0.18182	0.52381	0.33333	0.25
T	G	0.112777699	0.07143	0.25	0.33333	0.38095	0.28571	0.27273	0.2381	0.33333	0.10714
T	G	0.062900146	0.07143	0.25	0.33333	0.38095	0.28571	0.27273	0.2381	0.33333	0.10714
T	B	0.574252943	0.14286	0.16667	0.41667	0.38095	0.14286	0.36364	0.42857	0.44444	0.17857
T	B	0.360807557	0.14286	0.16667	0.41667	0.38095	0.14286	0.36364	0.42857	0.44444	0.17857
T	U	0.065939394	0.07143	0.08333	0.5	0.28571	0.57143	0.36364	0.38095	0.22222	0.14286
T	U	0.023500089	0.07143	0.08333	0.5	0.28571	0.57143	0.36364	0.38095	0.22222	0.14286
T	O	0.042861239	0.14286	0.16667	0.41667	0.28571	0.0	0.36364	0.33333	0.33333	0.14286
T	O	0.008053691	0.14286	0.16667	0.41667	0.28571	0.0	0.36364	0.33333	0.33333	0.14286
T	D	0.551730732	0.14286	0.16667	0.16667	0.14286	0.0	0.27273	0.28571	0.33333	0.10714
T	D	0.266501504	0.14286	0.16667	0.16667	0.14286	0.0	0.27273	0.28571	0.33333	0.10714
T	H	0.788524105	0.07143	0.0	0.25	0.28571	0.14286	0.45455	0.33333	0.11111	0.10714
T	H	0.456405097	0.07143	0.0	0.25	0.28571	0.14286	0.45455	0.33333	0.11111	0.10714
T	J	0.209382944	0.14286	0.08333	0.25	0.33333	0.14286	0.36364	0.47619	0.22222	0.21429
T	J	0.116268093	0.14286	0.08333	0.25	0.33333	0.14286	0.36364	0.47619	0.22222	0.21429
T	I	0.275485437	0.14286	0.08333	0.41667	0.38095	0.14286	0.27273	0.38095	0.22222	0.10714
T	I	0.167656888	0.14286	0.08333	0.41667	0.38095	0.14286	0.27273	0.38095	0.22222	0.10714
T	A	0.197887634	0.14286	0.16667	0.25	0.33333	0.28571	0.09091	0.42857	0.22222	0.14286
T	A	0.037178545	0.14286	0.16667	0.25	0.33333	0.28571	0.09091	0.42857	0.22222	0.14286
T	K	0.521579869	0.14286	0.08333	0.33333	0.2381	0.14286	0.27273	0.47619	0.33333	0.21429
T	K	0.415462111	0.14286	0.08333	0.33333	0.2381	0.14286	0.27273	0.47619	0.33333	0.21429
T	C	0.339067055	0.07143	0.0	0.41667	0.38095	0.14286	0.27273	0.42857	0.33333	0.17857
T	C	0.340203193	0.07143	0.0	0.41667	0.38095	0.14286	0.27273	0.42857	0.33333	0.17857
T	M	0.028416526	0.14286	0.0	0.41667	0.33333	0.14286	0.36364	0.33333	0.33333	0.14286
T	M	0.039866494	0.14286	0.0	0.41667	0.33333	0.14286	0.36364	0.33333	0.33333	0.14286
T	F	0.678851175	0.14286	0.16667	0.25	0.28571	0.14286	0.27273	0.38095	0.11111	0.07143
T	F	0.656211014	0.14286	0.16667	0.25	0.28571	0.14286	0.27273	0.38095	0.11111	0.07143
F	L	0.584241599	0.14286	0.16667	0.41667	0.33333	0.28571	0.36364	0.33333	0.22222	0.10714
F	L	0.541739434	0.14286	0.16667	0.41667	0.33333	0.28571	0.36364	0.33333	0.22222	0.10714
F	N	0.05409273	0.14286	0.25	0.33333	0.47619	0.28571	0.27273	0.47619	0.22222	0.21429
F	N	0.177808544	0.14286	0.25	0.33333	0.47619	0.28571	0.27273	0.47619	0.22222	0.21429
F	E	0.163036616	0.07143	0.16667	0.25	0.33333	0.28571	0.27273	0.38095	0.22222	0.17857
F	E	0.115199503	0.07143	0.16667	0.25	0.33333	0.28571	0.27273	0.38095	0.22222	0.17857
F	G	0.073581435	0.14286	0.25	0.33333	0.28571	0.14286	0.36364	0.28571	0.22222	0.17857
F	G	0.045153319	0.14286	0.25	0.33333	0.28571	0.14286	0.36364	0.28571	0.22222	0.17857
F	B	0.533353456	0.0	0.16667	0.41667	0.19048	0.0	0.27273	0.38095	0.33333	0.14286
F	B	0.448972032	0.0	0.16667	0.41667	0.19048	0.0	0.27273	0.38095	0.33333	0.14286
F	U	0.448484848	0.07143	0.25	0.33333	0.14286	0.42857	0.36364	0.19048	0.33333	0.10714
F	U	0.073882856	0.07143	0.25	0.33333	0.14286	0.42857	0.36364	0.19048	0.33333	0.10714
F	O	0.045011468	0.0	0.16667	0.25	0.19048	0.14286	0.27273	0.2381	0.22222	0.14286
F	O	0.005100671	0.0	0.16667	0.25	0.19048	0.14286	0.27273	0.2381	0.22222	0.14286
F	D	0.767641997	0.0	0.16667	0.33333	0.2381	0.14286	0.27273	0.2381	0.22222	0.10714
F	D	0.491240488	0.0	0.16667	0.33333	0.2381	0.14286	0.27273	0.2381	0.22222	0.10714
F	H	0.851079562	0.07143	0.16667	0.33333	0.28571	0.28571	0.45455	0.28571	0.0	0.07143
F	H	0.645372233	0.07143	0.16667	0.33333	0.28571	0.28571	0.45455	0.28571	0.0	0.07143
F	J	0.185347816	0.0	0.08333	0.25	0.28571	0.28571	0.36364	0.28571	0.11111	0.17857
F	J	0.1406545	0.0	0.08333	0.25	0.28571	0.28571	0.36364	0.28571	0.11111	0.17857
F	I	0.45368123	0.0	0.16667	0.41667	0.33333	0.14286	0.27273	0.28571	0.33333	0.07143
F	I	0.673226885	0.0	0.16667	0.41667	0.33333	0.14286	0.27273	0.28571	0.33333	0.07143
F	A	0.38051929	0.0	0.16667	0.41667	0.19048	0.14286	0.18182	0.2381	0.33333	0.10714
F	A	0.53328435	0.0	0.16667	0.41667	0.19048	0.14286	0.18182	0.2381	0.33333	0.10714
F	K	0.437967829	0.0	0.08333	0.33333	0.28571	0.0	0.18182	0.47619	0.22222	0.17857
F	K	0.406263688	0.0	0.08333	0.33333	0.28571	0.0	0.18182	0.47619	0.22222	0.17857
F	C	0.356268222	0.07143	0.16667	0.41667	0.19048	0.0	0.27273	0.2381	0.22222	0.14286
F	C	0.396226415	0.07143	0.16667	0.41667	0.19048	0.0	0.27273	0.2381	0.22222	0.14286
F	M	0.044120396	0.0	0.16667	0.41667	0.19048	0.28571	0.45455	0.19048	0.22222	0.14286
F	M	0.056183942	0.0	0.16667	0.41667	0.19048	0.28571	0.45455	0.19048	0.22222	0.14286
F	T	0.82712097	0.14286	0.16667	0.25	0.28571	0.14286	0.27273	0.38095	0.11111	0.07143
F	T	0.925565738	0.14286	0.16667	0.25	0.28571	0.14286	0.27273	0.38095	0.11111	0.07143
